{
    "libraries":  [
        {
            "Name": "MJGlobal"
        },
        {
            "Name": "MJCore"
        },
        {
            "Name": "MJCoreEntities"
        },
        {
            "Name": "AI/Core"
        },
        {
            "Name": "AI/Engine"
        },
        {
            "Name": "AI/Anthropic"
        },
        {
            "Name": "AI/Gemini"
        },
        {
            "Name": "AI/Mistral"
        },
        {
            "Name": "AI/Groq"
        },
        {
            "Name": "AI/OpenAI"
        },
        {
            "Name": "AI/VectorDB"
        },
        {
            "Name": "AI/Vectors"
        },
        {
            "Name": "AI/VectorsPinecone"
        },
        {
            "Name": "AI/VectorDupe"
        },
        {
            "Name": "MJQueue"
        },
        {
            "Name": "MJStorage"
        },
        {
            "Name": "MJDataContext"
        },
        {
            "Name": "MJDataContextServer"
        },
        {
            "Name": "SkipTypes"
        },
        {
            "Name": "SQLServerDataProvider"
        },
        {
            "Name": "AI/VectorSync"
        },
        {
            "Name": "CodeGenLib"
        },
        {
            "Name": "GraphQLDataProvider"
        },
        {
            "Name": "GeneratedEntities",
            "SkipNPMPublish": true
        },
        {
            "Name": "MJServer"
        },
        {
            "Name": "Angular/shared"
        },
        {
            "Name": "Angular/tab-strip"
        },
        {
            "Name": "Angular/auth-services"
        },
        {
            "Name": "Angular/container-directives"
        },
        {
            "Name": "Angular/link-directives"
        },
        {
            "Name": "Angular/compare-records"
        },
        {
            "Name": "Angular/record-changes"
        },
        {
            "Name": "Angular/data-context"
        },
        {
            "Name": "Angular/query-grid"
        },
        {
            "Name": "Angular/user-view-grid"
        },
        {
            "Name": "Angular/ask-skip"
        },
        {
            "Name": "Angular/base-forms"
        },
        {
            "Name": "Angular/user-view-properties"
        },
        {
            "Name": "Angular/entity-form-dialog"
        },
        {
            "Name": "Angular/simple-record-list"
        },
        {
            "Name": "Angular/file-storage"
        },
        {
            "Name": "Angular/entity-permissions"
        },
        {
            "Name": "Angular/explorer-settings"
        },
        {
            "Name": "Angular/explorer-core"
        },
        {
            "Name": "Angular/core-entity-forms"
        }
    ],
    "executables" : [
        {
            "Name": "CodeGen"
        },
        {
            "Name": "MJAPI"
        },
        {
            "Name": "MJExplorer"
        }
    ]
}