GET-api-v2.0-Announcements-GetAnnouncements_announcementTypeFilter_communityKey_micrositeGroupTypeRouteDesignKey_sortOrder_maxResults_includeAnnouncementsWithNoType	https://api.connectedcommunity.org/Help/Api/GET-api-v2.0-Announcements-GetAnnouncements_announcementTypeFilter_communityKey_micrositeGroupTypeRouteDesignKey_sortOrder_maxResults_includeAnnouncementsWithNoType
GET-api-v2.0-Announcements-GetAnnouncement_announcementKey	https://api.connectedcommunity.org/Help/Api/GET-api-v2.0-Announcements-GetAnnouncement_announcementKey
POST-api-v2.0-Answer-Recommend_answerKey	https://api.connectedcommunity.org/Help/Api/POST-api-v2.0-Answer-Recommend_answerKey
DELETE-api-v2.0-Answer-Recommend_answerKey	https://api.connectedcommunity.org/Help/Api/DELETE-api-v2.0-Answer-Recommend_answerKey
GET-api-v2.0-Answer-Get_answerKey	https://api.connectedcommunity.org/Help/Api/GET-api-v2.0-Answer-Get_answerKey
DELETE-api-v2.0-Answer-Delete_answerKey	https://api.connectedcommunity.org/Help/Api/DELETE-api-v2.0-Answer-Delete_answerKey
POST-api-v2.0-Answer-Edit	https://api.connectedcommunity.org/Help/Api/POST-api-v2.0-Answer-Edit
POST-api-v2.0-Authentication-Login	https://api.connectedcommunity.org/Help/Api/POST-api-v2.0-Authentication-Login
GET-api-v2.0-Authentication-GetTenantDetail_communityUrl	https://api.connectedcommunity.org/Help/Api/GET-api-v2.0-Authentication-GetTenantDetail_communityUrl
POST-api-v2.0-Authentication-Widget	https://api.connectedcommunity.org/Help/Api/POST-api-v2.0-Authentication-Widget
GET-api-v2.0-AutomationRules-GetActiveRulesByType	https://api.connectedcommunity.org/Help/Api/GET-api-v2.0-AutomationRules-GetActiveRulesByType
GET-api-v2.0-AutomationRules-GetContactsByRuleScheduleKey_ruleScheduleKey_integrationId	https://api.connectedcommunity.org/Help/Api/GET-api-v2.0-AutomationRules-GetContactsByRuleScheduleKey_ruleScheduleKey_integrationId
GET-api-v2.0-AutomationRules-GetContactData_ruleScheduleKey_maxRecords_continuationToken_fieldList	https://api.connectedcommunity.org/Help/Api/GET-api-v2.0-AutomationRules-GetContactData_ruleScheduleKey_maxRecords_continuationToken_fieldList
GET-api-v2.0-AutomationRules-GetContactDataFields	https://api.connectedcommunity.org/Help/Api/GET-api-v2.0-AutomationRules-GetContactDataFields
GET-api-v2.0-AutomationRules-GetContactDataSubsetByRuleScheduleKey_ruleScheduleKey_integrationId	https://api.connectedcommunity.org/Help/Api/GET-api-v2.0-AutomationRules-GetContactDataSubsetByRuleScheduleKey_ruleScheduleKey_integrationId
POST-api-v2.0-Blogs-GetLatestEntries	https://api.connectedcommunity.org/Help/Api/POST-api-v2.0-Blogs-GetLatestEntries
GET-api-v2.0-Blogs-GetBlogEntriesByGrouping_groupingType_maxRecords	https://api.connectedcommunity.org/Help/Api/GET-api-v2.0-Blogs-GetBlogEntriesByGrouping_groupingType_maxRecords
POST-api-v2.0-Blogs-CreateBlog	https://api.connectedcommunity.org/Help/Api/POST-api-v2.0-Blogs-CreateBlog
POST-api-v2.0-Blogs-PublishBlog_blogKey	https://api.connectedcommunity.org/Help/Api/POST-api-v2.0-Blogs-PublishBlog_blogKey
POST-api-v2.0-Blogs-UpdateBlog_blogKey	https://api.connectedcommunity.org/Help/Api/POST-api-v2.0-Blogs-UpdateBlog_blogKey
POST-api-v2.0-Blogs-AddRelatedLink_blogKey	https://api.connectedcommunity.org/Help/Api/POST-api-v2.0-Blogs-AddRelatedLink_blogKey
GET-api-v2.0-Blogs-GetBlogsByContactKey_contactKey	https://api.connectedcommunity.org/Help/Api/GET-api-v2.0-Blogs-GetBlogsByContactKey_contactKey
GET-api-v2.0-Blogs-GetBlog_blogKey	https://api.connectedcommunity.org/Help/Api/GET-api-v2.0-Blogs-GetBlog_blogKey
POST-api-v2.0-Blogs-RecommendBlog_blogKey	https://api.connectedcommunity.org/Help/Api/POST-api-v2.0-Blogs-RecommendBlog_blogKey
DELETE-api-v2.0-Blogs-DeleteBlogRecommendation_blogKey	https://api.connectedcommunity.org/Help/Api/DELETE-api-v2.0-Blogs-DeleteBlogRecommendation_blogKey
DELETE-api-v2.0-Blogs-DeleteBlog_blogKey	https://api.connectedcommunity.org/Help/Api/DELETE-api-v2.0-Blogs-DeleteBlog_blogKey
POST-api-v2.0-Blogs-AddComment_blogKey	https://api.connectedcommunity.org/Help/Api/POST-api-v2.0-Blogs-AddComment_blogKey
POST-api-v2.0-Blogs-UpdateComment_blogCommentKey	https://api.connectedcommunity.org/Help/Api/POST-api-v2.0-Blogs-UpdateComment_blogCommentKey
DELETE-api-v2.0-Blogs-DeleteRelatedLink_relatedResourceKey	https://api.connectedcommunity.org/Help/Api/DELETE-api-v2.0-Blogs-DeleteRelatedLink_relatedResourceKey
DELETE-api-v2.0-Blogs-DeleteComment_blogCommentKey	https://api.connectedcommunity.org/Help/Api/DELETE-api-v2.0-Blogs-DeleteComment_blogCommentKey
GET-api-v2.0-Comments-Get_itemKey_limit	https://api.connectedcommunity.org/Help/Api/GET-api-v2.0-Comments-Get_itemKey_limit
GET-api-v2.0-Comments-Get_commentKey	https://api.connectedcommunity.org/Help/Api/GET-api-v2.0-Comments-Get_commentKey
GET-api-v2.0-Comments-GetComments_afterCommentKey_beforeCommentKey_limit	https://api.connectedcommunity.org/Help/Api/GET-api-v2.0-Comments-GetComments_afterCommentKey_beforeCommentKey_limit
GET-api-v2.0-Communities-Get_communityKey	https://api.connectedcommunity.org/Help/Api/GET-api-v2.0-Communities-Get_communityKey
GET-api-v2.0-Communities-GetMyCommunities_includeStatistics_includeHiddenCommunities	https://api.connectedcommunity.org/Help/Api/GET-api-v2.0-Communities-GetMyCommunities_includeStatistics_includeHiddenCommunities
GET-api-v2.0-Communities-GetContactCommunities_contactKey_legacyContactKey	https://api.connectedcommunity.org/Help/Api/GET-api-v2.0-Communities-GetContactCommunities_contactKey_legacyContactKey
GET-api-v2.0-Communities-GetViewableCommunities_includeStatistics	https://api.connectedcommunity.org/Help/Api/GET-api-v2.0-Communities-GetViewableCommunities_includeStatistics
GET-api-v2.0-Communities-GetCommunitiesCanContribute_includeStatistics	https://api.connectedcommunity.org/Help/Api/GET-api-v2.0-Communities-GetCommunitiesCanContribute_includeStatistics
GET-api-v2.0-Communities-GetCommunitiesICanJoin_includeStatistics	https://api.connectedcommunity.org/Help/Api/GET-api-v2.0-Communities-GetCommunitiesICanJoin_includeStatistics
GET-api-v2.0-Communities-GetMyCommunityInvitations	https://api.connectedcommunity.org/Help/Api/GET-api-v2.0-Communities-GetMyCommunityInvitations
POST-api-v2.0-Communities-GetCommunityMembers	https://api.connectedcommunity.org/Help/Api/POST-api-v2.0-Communities-GetCommunityMembers
POST-api-v2.0-Communities-InviteToCommunity_contactKey_communityKey	https://api.connectedcommunity.org/Help/Api/POST-api-v2.0-Communities-InviteToCommunity_contactKey_communityKey
POST-api-v2.0-Communities-JoinCommunity_communityKey	https://api.connectedcommunity.org/Help/Api/POST-api-v2.0-Communities-JoinCommunity_communityKey
POST-api-v2.0-Communities-AcceptInvitation	https://api.connectedcommunity.org/Help/Api/POST-api-v2.0-Communities-AcceptInvitation
DELETE-api-v2.0-Communities-RejectInvitation_communityInvitationKey	https://api.connectedcommunity.org/Help/Api/DELETE-api-v2.0-Communities-RejectInvitation_communityInvitationKey
DELETE-api-v2.0-Communities-LeaveCommunity_communityKey	https://api.connectedcommunity.org/Help/Api/DELETE-api-v2.0-Communities-LeaveCommunity_communityKey
POST-api-v2.0-Contacts-WhoAmI_includeSecurityGroups	https://api.connectedcommunity.org/Help/Api/POST-api-v2.0-Contacts-WhoAmI_includeSecurityGroups
GET-api-v2.0-Contacts-GetWhoAmI_includeSecurityGroups	https://api.connectedcommunity.org/Help/Api/GET-api-v2.0-Contacts-GetWhoAmI_includeSecurityGroups
GET-api-v2.0-Contacts-GetContact_contactKey_includeSecurityGroups	https://api.connectedcommunity.org/Help/Api/GET-api-v2.0-Contacts-GetContact_contactKey_includeSecurityGroups
GET-api-v2.0-Contacts-GetContact_legacyContactKey_includeSecurityGroups	https://api.connectedcommunity.org/Help/Api/GET-api-v2.0-Contacts-GetContact_legacyContactKey_includeSecurityGroups
GET-api-v2.0-Contacts-GetMyContacts	https://api.connectedcommunity.org/Help/Api/GET-api-v2.0-Contacts-GetMyContacts
GET-api-v2.0-Contacts-GetMyContactsPage_afterContactKey_beforeContactKey_limit	https://api.connectedcommunity.org/Help/Api/GET-api-v2.0-Contacts-GetMyContactsPage_afterContactKey_beforeContactKey_limit
POST-api-v2.0-Contacts-SearchContactsForMentions_searchText_maxCount	https://api.connectedcommunity.org/Help/Api/POST-api-v2.0-Contacts-SearchContactsForMentions_searchText_maxCount
GET-api-v2.0-Contacts-GetContactKeyByPrimaryEmail_emailAddress	https://api.connectedcommunity.org/Help/Api/GET-api-v2.0-Contacts-GetContactKeyByPrimaryEmail_emailAddress
GET-api-v2.0-Contacts-GetMyEmailPreferences	https://api.connectedcommunity.org/Help/Api/GET-api-v2.0-Contacts-GetMyEmailPreferences
POST-api-v2.0-Contacts-UpdateEmailPreferences	https://api.connectedcommunity.org/Help/Api/POST-api-v2.0-Contacts-UpdateEmailPreferences
POST-api-v2.0-Contacts-UpdateProfilePicture_contactKey_legacyContactKey	https://api.connectedcommunity.org/Help/Api/POST-api-v2.0-Contacts-UpdateProfilePicture_contactKey_legacyContactKey
POST-api-v2.0-Contacts-UpdateMyProfilePicture	https://api.connectedcommunity.org/Help/Api/POST-api-v2.0-Contacts-UpdateMyProfilePicture
POST-api-v2.0-Contacts-UpdateMyEmailPreferences	https://api.connectedcommunity.org/Help/Api/POST-api-v2.0-Contacts-UpdateMyEmailPreferences
POST-api-v2.0-Contacts-AcceptCodeOfConduct	https://api.connectedcommunity.org/Help/Api/POST-api-v2.0-Contacts-AcceptCodeOfConduct
GET-api-v2.0-Contacts-SearchContacts_searchTerms_searchAllAddresses_memberStatus_searchOnlyCompanies_overrideOptOut_contactStatusCode_includeMiddleName_limitToAcceptedTerms_includeCurrentContact	https://api.connectedcommunity.org/Help/Api/GET-api-v2.0-Contacts-SearchContacts_searchTerms_searchAllAddresses_memberStatus_searchOnlyCompanies_overrideOptOut_contactStatusCode_includeMiddleName_limitToAcceptedTerms_includeCurrentContact
GET-api-v2.0-Contacts-SearchContactsForMessaging_searchTerms	https://api.connectedcommunity.org/Help/Api/GET-api-v2.0-Contacts-SearchContactsForMessaging_searchTerms
GET-api-v2.0-Contacts-GetContactsByDemographic_demographicText	https://api.connectedcommunity.org/Help/Api/GET-api-v2.0-Contacts-GetContactsByDemographic_demographicText
POST-api-v2.0-Contacts-GetContactContributions	https://api.connectedcommunity.org/Help/Api/POST-api-v2.0-Contacts-GetContactContributions
POST-api-v2.0-Contacts-GetMyContributions	https://api.connectedcommunity.org/Help/Api/POST-api-v2.0-Contacts-GetMyContributions
POST-api-v2.0-DataFeed-GetData	https://api.connectedcommunity.org/Help/Api/POST-api-v2.0-DataFeed-GetData
POST-api-v2.0-Demographics-AddDemographicCategory	https://api.connectedcommunity.org/Help/Api/POST-api-v2.0-Demographics-AddDemographicCategory
POST-api-v2.0-Demographics-AddDemographicChoice	https://api.connectedcommunity.org/Help/Api/POST-api-v2.0-Demographics-AddDemographicChoice
POST-api-v2.0-Demographics-SetContactDemographic_demographicKey	https://api.connectedcommunity.org/Help/Api/POST-api-v2.0-Demographics-SetContactDemographic_demographicKey
DELETE-api-v2.0-Demographics-RemoveContactDemographic_demographicKey	https://api.connectedcommunity.org/Help/Api/DELETE-api-v2.0-Demographics-RemoveContactDemographic_demographicKey
DELETE-api-v2.0-Demographics-RemoveFreeFormContactDemographic_demographicTypeKey	https://api.connectedcommunity.org/Help/Api/DELETE-api-v2.0-Demographics-RemoveFreeFormContactDemographic_demographicTypeKey
POST-api-v2.0-Demographics-SetFreeFormContactDemographic_demographicTypeKey_freeFormText	https://api.connectedcommunity.org/Help/Api/POST-api-v2.0-Demographics-SetFreeFormContactDemographic_demographicTypeKey_freeFormText
GET-api-v2.0-Demographics-GetDemographicTypes	https://api.connectedcommunity.org/Help/Api/GET-api-v2.0-Demographics-GetDemographicTypes
GET-api-v2.0-Demographics-GetDemographicChoices	https://api.connectedcommunity.org/Help/Api/GET-api-v2.0-Demographics-GetDemographicChoices
GET-api-v2.0-Demographics-GetDemographicChoices_demographicTypeKey	https://api.connectedcommunity.org/Help/Api/GET-api-v2.0-Demographics-GetDemographicChoices_demographicTypeKey
GET-api-v2.0-Demographics-GetDemographicsVisibleOnMainMicrositeProfile	https://api.connectedcommunity.org/Help/Api/GET-api-v2.0-Demographics-GetDemographicsVisibleOnMainMicrositeProfile
PUT-api-v2.0-Discussions-Edit	https://api.connectedcommunity.org/Help/Api/PUT-api-v2.0-Discussions-Edit
GET-api-v2.0-Discussions-GetDiscussion_discussionKey	https://api.connectedcommunity.org/Help/Api/GET-api-v2.0-Discussions-GetDiscussion_discussionKey
GET-api-v2.0-Discussions-GetDiscussionPost_discussionPostKey	https://api.connectedcommunity.org/Help/Api/GET-api-v2.0-Discussions-GetDiscussionPost_discussionPostKey
POST-api-v2.0-Discussions-GetDiscussionThreadUpdates	https://api.connectedcommunity.org/Help/Api/POST-api-v2.0-Discussions-GetDiscussionThreadUpdates
GET-api-v2.0-Discussions-GetSubscribedDiscussions	https://api.connectedcommunity.org/Help/Api/GET-api-v2.0-Discussions-GetSubscribedDiscussions
GET-api-v2.0-Discussions-GetLatestDiscussionPosts_discussionKey_maxToRetrieve_sortByScore_scoreSortDirection	https://api.connectedcommunity.org/Help/Api/GET-api-v2.0-Discussions-GetLatestDiscussionPosts_discussionKey_maxToRetrieve_sortByScore_scoreSortDirection
GET-api-v2.0-Discussions-GetDiscussionPosts_discussionKey_maxToRetrieve_includeStaff_sortByScore_scoreSortDirection	https://api.connectedcommunity.org/Help/Api/GET-api-v2.0-Discussions-GetDiscussionPosts_discussionKey_maxToRetrieve_includeStaff_sortByScore_scoreSortDirection
POST-api-v2.0-Discussions-GetDiscussionPosts	https://api.connectedcommunity.org/Help/Api/POST-api-v2.0-Discussions-GetDiscussionPosts
GET-api-v2.0-Discussions-GetDiscussionPosts_discussionThreadKey	https://api.connectedcommunity.org/Help/Api/GET-api-v2.0-Discussions-GetDiscussionPosts_discussionThreadKey
GET-api-v2.0-Discussions-GetDiscussionPostInThread_discussionPostKey_numberOfReplies_maxBreadCrumbs	https://api.connectedcommunity.org/Help/Api/GET-api-v2.0-Discussions-GetDiscussionPostInThread_discussionPostKey_numberOfReplies_maxBreadCrumbs
GET-api-v2.0-Discussions-GetPagedDiscussionPostFields	https://api.connectedcommunity.org/Help/Api/GET-api-v2.0-Discussions-GetPagedDiscussionPostFields
GET-api-v2.0-Discussions-GetPagedDiscussionPosts_communityKey_maxRecords_continuationToken_fieldList	https://api.connectedcommunity.org/Help/Api/GET-api-v2.0-Discussions-GetPagedDiscussionPosts_communityKey_maxRecords_continuationToken_fieldList
GET-api-v2.0-Discussions-GetLatestTopics_discussionKey_maxToRetrieve	https://api.connectedcommunity.org/Help/Api/GET-api-v2.0-Discussions-GetLatestTopics_discussionKey_maxToRetrieve
POST-api-v2.0-Discussions-SubmitDiscussionPost	https://api.connectedcommunity.org/Help/Api/POST-api-v2.0-Discussions-SubmitDiscussionPost
POST-api-v2.0-Discussions-PostDiscussionSimple	https://api.connectedcommunity.org/Help/Api/POST-api-v2.0-Discussions-PostDiscussionSimple
POST-api-v2.0-Discussions-UpdateSubscription	https://api.connectedcommunity.org/Help/Api/POST-api-v2.0-Discussions-UpdateSubscription
GET-api-v2.0-Discussions-GetRecentThreads_discussionKey_maxToRetrieve	https://api.connectedcommunity.org/Help/Api/GET-api-v2.0-Discussions-GetRecentThreads_discussionKey_maxToRetrieve
GET-api-v2.0-Discussions-GetDiscussionPostReplies_afterReplyDiscussionPostKey_beforeReplyDiscussionPostKey_limit	https://api.connectedcommunity.org/Help/Api/GET-api-v2.0-Discussions-GetDiscussionPostReplies_afterReplyDiscussionPostKey_beforeReplyDiscussionPostKey_limit
POST-api-v2.0-Discussions-Follow_discussionThreadKey	https://api.connectedcommunity.org/Help/Api/POST-api-v2.0-Discussions-Follow_discussionThreadKey
DELETE-api-v2.0-Discussions-Follow_discussionThreadKey	https://api.connectedcommunity.org/Help/Api/DELETE-api-v2.0-Discussions-Follow_discussionThreadKey
GET-api-v2.0-Discussions-GetEligibleDiscussions	https://api.connectedcommunity.org/Help/Api/GET-api-v2.0-Discussions-GetEligibleDiscussions
POST-api-v2.0-Discussions-PostToDiscussionWithCrossPost	https://api.connectedcommunity.org/Help/Api/POST-api-v2.0-Discussions-PostToDiscussionWithCrossPost
POST-api-v2.0-Discussions-PostToDiscussionAnonymously	https://api.connectedcommunity.org/Help/Api/POST-api-v2.0-Discussions-PostToDiscussionAnonymously
POST-api-v2.0-Discussions-PostToDiscussion	https://api.connectedcommunity.org/Help/Api/POST-api-v2.0-Discussions-PostToDiscussion
POST-api-v2.0-Discussions-ReplyToDiscussion	https://api.connectedcommunity.org/Help/Api/POST-api-v2.0-Discussions-ReplyToDiscussion
POST-api-v2.0-Discussions-ReplyToDiscussionAnonymously	https://api.connectedcommunity.org/Help/Api/POST-api-v2.0-Discussions-ReplyToDiscussionAnonymously
POST-api-v2.0-Discussions-SendMessageToDiscussionPostAuthor	https://api.connectedcommunity.org/Help/Api/POST-api-v2.0-Discussions-SendMessageToDiscussionPostAuthor
POST-api-v2.0-Discussions-SearchDiscussionPosts	https://api.connectedcommunity.org/Help/Api/POST-api-v2.0-Discussions-SearchDiscussionPosts
POST-api-v2.0-Discussions-RecommendDiscussionPost_discussionPostKey	https://api.connectedcommunity.org/Help/Api/POST-api-v2.0-Discussions-RecommendDiscussionPost_discussionPostKey
POST-api-v2.0-Discussions-ToggleBestAnswer_discussionPostKey	https://api.connectedcommunity.org/Help/Api/POST-api-v2.0-Discussions-ToggleBestAnswer_discussionPostKey
DELETE-api-v2.0-Discussions-RemovePost_discussionPostKey	https://api.connectedcommunity.org/Help/Api/DELETE-api-v2.0-Discussions-RemovePost_discussionPostKey
DELETE-api-v2.0-Discussions-DeleteDiscussionPostRecommendation_discussionPostKey	https://api.connectedcommunity.org/Help/Api/DELETE-api-v2.0-Discussions-DeleteDiscussionPostRecommendation_discussionPostKey
GET-api-v2.0-Discussions-GetThreadTags_discussionThreadKey	https://api.connectedcommunity.org/Help/Api/GET-api-v2.0-Discussions-GetThreadTags_discussionThreadKey
GET-api-v2.0-Events-GetRegistrantDetails_calendarEventKey_contactKey_emailAddress_firstName_lastName_useLeadingWildcardSearch	https://api.connectedcommunity.org/Help/Api/GET-api-v2.0-Events-GetRegistrantDetails_calendarEventKey_contactKey_emailAddress_firstName_lastName_useLeadingWildcardSearch
GET-api-v2.0-Events-GetRegistrantsByCalendarEvent_calendarEventKey_modifiedDateTime	https://api.connectedcommunity.org/Help/Api/GET-api-v2.0-Events-GetRegistrantsByCalendarEvent_calendarEventKey_modifiedDateTime
GET-api-v2.0-Events-GetEventRegistrants_calendarEventKey_modifiedDateTime_maxRecords_continuationToken	https://api.connectedcommunity.org/Help/Api/GET-api-v2.0-Events-GetEventRegistrants_calendarEventKey_modifiedDateTime_maxRecords_continuationToken
GET-api-v2.0-Events-GetEventType_EventTypeKey	https://api.connectedcommunity.org/Help/Api/GET-api-v2.0-Events-GetEventType_EventTypeKey
GET-api-v2.0-Events-GetEventTypes	https://api.connectedcommunity.org/Help/Api/GET-api-v2.0-Events-GetEventTypes
GET-api-v2.0-Events-GetEventTypesList	https://api.connectedcommunity.org/Help/Api/GET-api-v2.0-Events-GetEventTypesList
POST-api-v2.0-Events-SaveEventType	https://api.connectedcommunity.org/Help/Api/POST-api-v2.0-Events-SaveEventType
POST-api-v2.0-Events-DeleteEventType_eventTypeKey	https://api.connectedcommunity.org/Help/Api/POST-api-v2.0-Events-DeleteEventType_eventTypeKey
POST-api-v2.0-Events-RestoreEventType_eventTypeKey	https://api.connectedcommunity.org/Help/Api/POST-api-v2.0-Events-RestoreEventType_eventTypeKey
GET-api-v2.0-Events-GetEvent_eventKey	https://api.connectedcommunity.org/Help/Api/GET-api-v2.0-Events-GetEvent_eventKey
GET-api-v2.0-Events-GetUpcoming_maxRecords	https://api.connectedcommunity.org/Help/Api/GET-api-v2.0-Events-GetUpcoming_maxRecords
POST-api-v2.0-Events-SearchCurrentAndFutureEvents_includePastEvents_maxRecords	https://api.connectedcommunity.org/Help/Api/POST-api-v2.0-Events-SearchCurrentAndFutureEvents_includePastEvents_maxRecords
POST-api-v2.0-Events-SearchEvents_maxRecords	https://api.connectedcommunity.org/Help/Api/POST-api-v2.0-Events-SearchEvents_maxRecords
GET-api-v2.0-Events-CommunityPastEvents_communityId_maxRecords	https://api.connectedcommunity.org/Help/Api/GET-api-v2.0-Events-CommunityPastEvents_communityId_maxRecords
GET-api-v2.0-Events-ContactEventList_contactId_maxRecords	https://api.connectedcommunity.org/Help/Api/GET-api-v2.0-Events-ContactEventList_contactId_maxRecords
GET-api-v2.0-Events-CommunityEventAttendance_communityId_numberOfMeetings	https://api.connectedcommunity.org/Help/Api/GET-api-v2.0-Events-CommunityEventAttendance_communityId_numberOfMeetings
GET-api-v2.0-Events-EventAttendance_eventId	https://api.connectedcommunity.org/Help/Api/GET-api-v2.0-Events-EventAttendance_eventId
GET-api-v2.0-Events-GetEventEnabledCommunityList	https://api.connectedcommunity.org/Help/Api/GET-api-v2.0-Events-GetEventEnabledCommunityList
POST-api-v2.0-Events-RSVPToEvent_eventKey	https://api.connectedcommunity.org/Help/Api/POST-api-v2.0-Events-RSVPToEvent_eventKey
DELETE-api-v2.0-Events-RSVP_eventKey	https://api.connectedcommunity.org/Help/Api/DELETE-api-v2.0-Events-RSVP_eventKey
GET-api-v2.0-EventSessions-GetSession_sessionKey	https://api.connectedcommunity.org/Help/Api/GET-api-v2.0-EventSessions-GetSession_sessionKey
POST-api-v2.0-ExternalActivity-Create	https://api.connectedcommunity.org/Help/Api/POST-api-v2.0-ExternalActivity-Create
PUT-api-v2.0-ExternalActivity-Update	https://api.connectedcommunity.org/Help/Api/PUT-api-v2.0-ExternalActivity-Update
DELETE-api-v2.0-ExternalActivity-Delete_externalActivityKey_legacyActivityKey	https://api.connectedcommunity.org/Help/Api/DELETE-api-v2.0-ExternalActivity-Delete_externalActivityKey_legacyActivityKey
POST-api-v2.0-ExternalSearch-AddAnnouncementItems	https://api.connectedcommunity.org/Help/Api/POST-api-v2.0-ExternalSearch-AddAnnouncementItems
POST-api-v2.0-ExternalSearch-AddLibraryItems	https://api.connectedcommunity.org/Help/Api/POST-api-v2.0-ExternalSearch-AddLibraryItems
POST-api-v2.0-ExternalSearch-AddLibraryEntryItems	https://api.connectedcommunity.org/Help/Api/POST-api-v2.0-ExternalSearch-AddLibraryEntryItems
POST-api-v2.0-ExternalSearch-AddCommunityItems	https://api.connectedcommunity.org/Help/Api/POST-api-v2.0-ExternalSearch-AddCommunityItems
POST-api-v2.0-ExternalSearch-AddCourseItems	https://api.connectedcommunity.org/Help/Api/POST-api-v2.0-ExternalSearch-AddCourseItems
POST-api-v2.0-ExternalSearch-AddBlogItems	https://api.connectedcommunity.org/Help/Api/POST-api-v2.0-ExternalSearch-AddBlogItems
POST-api-v2.0-ExternalSearch-AddEventItems	https://api.connectedcommunity.org/Help/Api/POST-api-v2.0-ExternalSearch-AddEventItems
POST-api-v2.0-ExternalSearch-AddPageContent	https://api.connectedcommunity.org/Help/Api/POST-api-v2.0-ExternalSearch-AddPageContent
POST-api-v2.0-ExternalSearch-AddVolunteerOpportunityItems	https://api.connectedcommunity.org/Help/Api/POST-api-v2.0-ExternalSearch-AddVolunteerOpportunityItems
POST-api-v2.0-ExternalSearch-AddGlossaryItems	https://api.connectedcommunity.org/Help/Api/POST-api-v2.0-ExternalSearch-AddGlossaryItems
GET-api-v2.0-Federation-GetTenant_tenantKey	https://api.connectedcommunity.org/Help/Api/GET-api-v2.0-Federation-GetTenant_tenantKey
GET-api-v2.0-Federation-GetContact_tenantKey_contactKey	https://api.connectedcommunity.org/Help/Api/GET-api-v2.0-Federation-GetContact_tenantKey_contactKey
GET-api-v2.0-Friends-GetPendingReceivedFriendRequests	https://api.connectedcommunity.org/Help/Api/GET-api-v2.0-Friends-GetPendingReceivedFriendRequests
GET-api-v2.0-Friends-GetPendingSentFriendRequests	https://api.connectedcommunity.org/Help/Api/GET-api-v2.0-Friends-GetPendingSentFriendRequests
GET-api-v2.0-Friends-GetAcceptedFriendRequests_daysBack	https://api.connectedcommunity.org/Help/Api/GET-api-v2.0-Friends-GetAcceptedFriendRequests_daysBack
POST-api-v2.0-Friends-PostFriendRequest_contactKey	https://api.connectedcommunity.org/Help/Api/POST-api-v2.0-Friends-PostFriendRequest_contactKey
POST-api-v2.0-Friends-AcceptFriendRequest_friendRequestRecordKey	https://api.connectedcommunity.org/Help/Api/POST-api-v2.0-Friends-AcceptFriendRequest_friendRequestRecordKey
POST-api-v2.0-Friends-RejectFriendRequest_friendRequestRecordKey	https://api.connectedcommunity.org/Help/Api/POST-api-v2.0-Friends-RejectFriendRequest_friendRequestRecordKey
DELETE-api-v2.0-Friends-CancelFriendRequest_contactKey	https://api.connectedcommunity.org/Help/Api/DELETE-api-v2.0-Friends-CancelFriendRequest_contactKey
POST-api-v2.0-Friends-UnFriend_contactKey	https://api.connectedcommunity.org/Help/Api/POST-api-v2.0-Friends-UnFriend_contactKey
GET-api-v2.0-Ideation-IdeaDetails_ideationKey	https://api.connectedcommunity.org/Help/Api/GET-api-v2.0-Ideation-IdeaDetails_ideationKey
POST-api-v2.0-Ideation-Post	https://api.connectedcommunity.org/Help/Api/POST-api-v2.0-Ideation-Post
GET-api-v2.0-Ideation-GetIdeasByStatus_ideationStatusKey_afterIdeaKey_beforeIdeaKey_numberToReturn	https://api.connectedcommunity.org/Help/Api/GET-api-v2.0-Ideation-GetIdeasByStatus_ideationStatusKey_afterIdeaKey_beforeIdeaKey_numberToReturn
GET-api-v2.0-Ideation-GetIdeasByCategory_ideationCategoryKey_afterIdeaKey_beforeIdeaKey_numberToReturn	https://api.connectedcommunity.org/Help/Api/GET-api-v2.0-Ideation-GetIdeasByCategory_ideationCategoryKey_afterIdeaKey_beforeIdeaKey_numberToReturn
POST-api-v2.0-Ideation-AddIdeaCategories	https://api.connectedcommunity.org/Help/Api/POST-api-v2.0-Ideation-AddIdeaCategories
GET-api-v2.0-Ideation-GetIdeaStatuses	https://api.connectedcommunity.org/Help/Api/GET-api-v2.0-Ideation-GetIdeaStatuses
GET-api-v2.0-Ideation-GetIdeaCategories	https://api.connectedcommunity.org/Help/Api/GET-api-v2.0-Ideation-GetIdeaCategories
POST-api-v2.0-Ideation-UpdateIdeaStatus	https://api.connectedcommunity.org/Help/Api/POST-api-v2.0-Ideation-UpdateIdeaStatus
GET-api-v2.0-Ideation-GetVoters_ideationKey	https://api.connectedcommunity.org/Help/Api/GET-api-v2.0-Ideation-GetVoters_ideationKey
GET-api-v2.0-Messaging-GetInboxMessage_messageKey	https://api.connectedcommunity.org/Help/Api/GET-api-v2.0-Messaging-GetInboxMessage_messageKey
GET-api-v2.0-Messaging-GetInboxMessages_firstRecord_maxRecords	https://api.connectedcommunity.org/Help/Api/GET-api-v2.0-Messaging-GetInboxMessages_firstRecord_maxRecords
GET-api-v2.0-Messaging-GetSentMessages_firstRecord_maxRecords	https://api.connectedcommunity.org/Help/Api/GET-api-v2.0-Messaging-GetSentMessages_firstRecord_maxRecords
POST-api-v2.0-Messaging-SendMessageToContact	https://api.connectedcommunity.org/Help/Api/POST-api-v2.0-Messaging-SendMessageToContact
POST-api-v2.0-Messaging-ReplyToMessage	https://api.connectedcommunity.org/Help/Api/POST-api-v2.0-Messaging-ReplyToMessage
POST-api-v2.0-Messaging-MarkMessageAsRead_messageKey	https://api.connectedcommunity.org/Help/Api/POST-api-v2.0-Messaging-MarkMessageAsRead_messageKey
GET-api-v2.0-Messaging-MarkMessageAsRead_messageKey	https://api.connectedcommunity.org/Help/Api/GET-api-v2.0-Messaging-MarkMessageAsRead_messageKey
POST-api-v2.0-Messaging-MarkMessagesAsRead	https://api.connectedcommunity.org/Help/Api/POST-api-v2.0-Messaging-MarkMessagesAsRead
POST-api-v2.0-Messaging-DeleteMessages	https://api.connectedcommunity.org/Help/Api/POST-api-v2.0-Messaging-DeleteMessages
POST-api-v2.0-Messaging-MarkMessageAsUnRead_messageKey	https://api.connectedcommunity.org/Help/Api/POST-api-v2.0-Messaging-MarkMessageAsUnRead_messageKey
GET-api-v2.0-Messaging-MarkMessageAsUnRead_messageKey	https://api.connectedcommunity.org/Help/Api/GET-api-v2.0-Messaging-MarkMessageAsUnRead_messageKey
GET-api-v2.0-Messaging-GetUnreadMessageCounts	https://api.connectedcommunity.org/Help/Api/GET-api-v2.0-Messaging-GetUnreadMessageCounts
POST-api-v2.0-Messaging-SendMessageToDiscussionPostAuthor	https://api.connectedcommunity.org/Help/Api/POST-api-v2.0-Messaging-SendMessageToDiscussionPostAuthor
POST-api-v2.0-Question-Post	https://api.connectedcommunity.org/Help/Api/POST-api-v2.0-Question-Post
POST-api-v2.0-Question-Answer	https://api.connectedcommunity.org/Help/Api/POST-api-v2.0-Question-Answer
GET-api-v2.0-Question-GetThread_questionKey_numberOfAnswers	https://api.connectedcommunity.org/Help/Api/GET-api-v2.0-Question-GetThread_questionKey_numberOfAnswers
POST-api-v2.0-Question-Recommend_questionKey	https://api.connectedcommunity.org/Help/Api/POST-api-v2.0-Question-Recommend_questionKey
DELETE-api-v2.0-Question-Recommend_questionKey	https://api.connectedcommunity.org/Help/Api/DELETE-api-v2.0-Question-Recommend_questionKey
POST-api-v2.0-Question-Follow_questionKey	https://api.connectedcommunity.org/Help/Api/POST-api-v2.0-Question-Follow_questionKey
DELETE-api-v2.0-Question-Follow_questionKey	https://api.connectedcommunity.org/Help/Api/DELETE-api-v2.0-Question-Follow_questionKey
GET-api-v2.0-Question-GetAnswers_afterAnswerKey_beforeAnswerKey_limit	https://api.connectedcommunity.org/Help/Api/GET-api-v2.0-Question-GetAnswers_afterAnswerKey_beforeAnswerKey_limit
DELETE-api-v2.0-Question-Delete_questionKey	https://api.connectedcommunity.org/Help/Api/DELETE-api-v2.0-Question-Delete_questionKey
POST-api-v2.0-Question-Edit	https://api.connectedcommunity.org/Help/Api/POST-api-v2.0-Question-Edit
GET-api-v2.0-RegistrantClass-GetRegistrantClasses_Active	https://api.connectedcommunity.org/Help/Api/GET-api-v2.0-RegistrantClass-GetRegistrantClasses_Active
GET-api-v2.0-ResourceLibrary-GetLibraryList	https://api.connectedcommunity.org/Help/Api/GET-api-v2.0-ResourceLibrary-GetLibraryList
GET-api-v2.0-ResourceLibrary-GetLibraries	https://api.connectedcommunity.org/Help/Api/GET-api-v2.0-ResourceLibrary-GetLibraries
GET-api-v2.0-ResourceLibrary-GetLibraryDocument_documentKey_paginateComments_commentLimit	https://api.connectedcommunity.org/Help/Api/GET-api-v2.0-ResourceLibrary-GetLibraryDocument_documentKey_paginateComments_commentLimit
POST-api-v2.0-ResourceLibrary-Follow_documentKey	https://api.connectedcommunity.org/Help/Api/POST-api-v2.0-ResourceLibrary-Follow_documentKey
DELETE-api-v2.0-ResourceLibrary-Follow_documentKey	https://api.connectedcommunity.org/Help/Api/DELETE-api-v2.0-ResourceLibrary-Follow_documentKey
GET-api-v2.0-ResourceLibrary-GetMyLibraryDocuments_maxRecords	https://api.connectedcommunity.org/Help/Api/GET-api-v2.0-ResourceLibrary-GetMyLibraryDocuments_maxRecords
POST-api-v2.0-ResourceLibrary-GetLibraryDocuments	https://api.connectedcommunity.org/Help/Api/POST-api-v2.0-ResourceLibrary-GetLibraryDocuments
GET-api-v2.0-ResourceLibrary-GetDocumentAttachments_documentKey	https://api.connectedcommunity.org/Help/Api/GET-api-v2.0-ResourceLibrary-GetDocumentAttachments_documentKey
POST-api-v2.0-ResourceLibrary-AddComment_documentKey	https://api.connectedcommunity.org/Help/Api/POST-api-v2.0-ResourceLibrary-AddComment_documentKey
POST-api-v2.0-ResourceLibrary-UpdateComment_documentCommentKey	https://api.connectedcommunity.org/Help/Api/POST-api-v2.0-ResourceLibrary-UpdateComment_documentCommentKey
DELETE-api-v2.0-ResourceLibrary-DeleteComment_documentCommentKey	https://api.connectedcommunity.org/Help/Api/DELETE-api-v2.0-ResourceLibrary-DeleteComment_documentCommentKey
DELETE-api-v2.0-ResourceLibrary-DeleteLibraryDocument_documentKey	https://api.connectedcommunity.org/Help/Api/DELETE-api-v2.0-ResourceLibrary-DeleteLibraryDocument_documentKey
POST-api-v2.0-ResourceLibrary-AddRelatedLink_documentKey	https://api.connectedcommunity.org/Help/Api/POST-api-v2.0-ResourceLibrary-AddRelatedLink_documentKey
POST-api-v2.0-ResourceLibrary-GetFavorites	https://api.connectedcommunity.org/Help/Api/POST-api-v2.0-ResourceLibrary-GetFavorites
POST-api-v2.0-ResourceLibrary-AddToFavorites_documentKey	https://api.connectedcommunity.org/Help/Api/POST-api-v2.0-ResourceLibrary-AddToFavorites_documentKey
DELETE-api-v2.0-ResourceLibrary-RemoveFromFavorites_documentKey	https://api.connectedcommunity.org/Help/Api/DELETE-api-v2.0-ResourceLibrary-RemoveFromFavorites_documentKey
DELETE-api-v2.0-ResourceLibrary-DeleteRelatedLink_relatedLinkKey	https://api.connectedcommunity.org/Help/Api/DELETE-api-v2.0-ResourceLibrary-DeleteRelatedLink_relatedLinkKey
POST-api-v2.0-ResourceLibrary-RecommendDocument_documentKey	https://api.connectedcommunity.org/Help/Api/POST-api-v2.0-ResourceLibrary-RecommendDocument_documentKey
DELETE-api-v2.0-ResourceLibrary-DeleteDocumentRecommendation_documentKey	https://api.connectedcommunity.org/Help/Api/DELETE-api-v2.0-ResourceLibrary-DeleteDocumentRecommendation_documentKey
GET-api-v2.0-ResourceLibrary-GetDocumentAttachment_documentAttachmentKey	https://api.connectedcommunity.org/Help/Api/GET-api-v2.0-ResourceLibrary-GetDocumentAttachment_documentAttachmentKey
DELETE-api-v2.0-ResourceLibrary-DeleteDocumentAttachment_documentAttachmentKey	https://api.connectedcommunity.org/Help/Api/DELETE-api-v2.0-ResourceLibrary-DeleteDocumentAttachment_documentAttachmentKey
POST-api-v2.0-ResourceLibrary-PostDocument_libraryKey	https://api.connectedcommunity.org/Help/Api/POST-api-v2.0-ResourceLibrary-PostDocument_libraryKey
POST-api-v2.0-ResourceLibrary-PostDocumentAttachments_documentKey	https://api.connectedcommunity.org/Help/Api/POST-api-v2.0-ResourceLibrary-PostDocumentAttachments_documentKey
POST-api-v2.0-ResourceLibrary-InitiateUpload	https://api.connectedcommunity.org/Help/Api/POST-api-v2.0-ResourceLibrary-InitiateUpload
POST-api-v2.0-ResourceLibrary-MultipartUploaded	https://api.connectedcommunity.org/Help/Api/POST-api-v2.0-ResourceLibrary-MultipartUploaded
POST-api-v2.0-ResourceLibrary-AbortMultipartUpload	https://api.connectedcommunity.org/Help/Api/POST-api-v2.0-ResourceLibrary-AbortMultipartUpload
POST-api-v2.0-ResourceLibrary-DocumentFromUpload	https://api.connectedcommunity.org/Help/Api/POST-api-v2.0-ResourceLibrary-DocumentFromUpload
POST-api-v2.0-ResourceLibrary-AppendUploadedAttachment	https://api.connectedcommunity.org/Help/Api/POST-api-v2.0-ResourceLibrary-AppendUploadedAttachment
POST-api-v2.0-ResourceLibrary-Edit	https://api.connectedcommunity.org/Help/Api/POST-api-v2.0-ResourceLibrary-Edit
GET-api-v2.0-System-GetApiDetails	https://api.connectedcommunity.org/Help/Api/GET-api-v2.0-System-GetApiDetails
GET-api-v2.0-System-GetCodeOfConduct	https://api.connectedcommunity.org/Help/Api/GET-api-v2.0-System-GetCodeOfConduct
GET-api-v2.0-System-GetProfileUrls	https://api.connectedcommunity.org/Help/Api/GET-api-v2.0-System-GetProfileUrls
GET-api-v2.0-System-GetMobileAppSettings	https://api.connectedcommunity.org/Help/Api/GET-api-v2.0-System-GetMobileAppSettings
POST-api-v2.0-System-GetCommunityMemberUpdates	https://api.connectedcommunity.org/Help/Api/POST-api-v2.0-System-GetCommunityMemberUpdates
GET-api-v2.0-Tagging-GetTags_searchText_communityKey	https://api.connectedcommunity.org/Help/Api/GET-api-v2.0-Tagging-GetTags_searchText_communityKey
POST-api-v2.0-Volunteer-ApproveVolunteerApplication_sendEmailNotifications	https://api.connectedcommunity.org/Help/Api/POST-api-v2.0-Volunteer-ApproveVolunteerApplication_sendEmailNotifications
POST-api-v2.0-Volunteer-AddToPoolByContactKey_contactKey	https://api.connectedcommunity.org/Help/Api/POST-api-v2.0-Volunteer-AddToPoolByContactKey_contactKey
POST-api-v2.0-Volunteer-AddToPoolByLegacyKey_legacyContactKey	https://api.connectedcommunity.org/Help/Api/POST-api-v2.0-Volunteer-AddToPoolByLegacyKey_legacyContactKey
DELETE-api-v2.0-Volunteer-RemoveFromPoolByContactKey_contactKey	https://api.connectedcommunity.org/Help/Api/DELETE-api-v2.0-Volunteer-RemoveFromPoolByContactKey_contactKey
DELETE-api-v2.0-Volunteer-RemoveFromPoolByLegacyContactKey_legacyContactKey	https://api.connectedcommunity.org/Help/Api/DELETE-api-v2.0-Volunteer-RemoveFromPoolByLegacyContactKey_legacyContactKey
POST-api-v2.0-Volunteer-VolunteerForOpportunityByContactKey_volunteerOpportunityKey_contactKey_comments	https://api.connectedcommunity.org/Help/Api/POST-api-v2.0-Volunteer-VolunteerForOpportunityByContactKey_volunteerOpportunityKey_contactKey_comments
POST-api-v2.0-Volunteer-VolunteerForOpportunity_volunteerOpportunityKey_comments	https://api.connectedcommunity.org/Help/Api/POST-api-v2.0-Volunteer-VolunteerForOpportunity_volunteerOpportunityKey_comments
POST-api-v2.0-Volunteer-VolunteerForOpportunityByLegacyContactKey_volunteerOpportunityKey_legacyContactKey_comments	https://api.connectedcommunity.org/Help/Api/POST-api-v2.0-Volunteer-VolunteerForOpportunityByLegacyContactKey_volunteerOpportunityKey_legacyContactKey_comments
DELETE-api-v2.0-Volunteer-WithdrawFromOpportunity_volunteerOpportunityKey_comments	https://api.connectedcommunity.org/Help/Api/DELETE-api-v2.0-Volunteer-WithdrawFromOpportunity_volunteerOpportunityKey_comments
DELETE-api-v2.0-Volunteer-WithdrawFromOpportunityByContactKey_volunteerOpportunityKey_contactKey_comments	https://api.connectedcommunity.org/Help/Api/DELETE-api-v2.0-Volunteer-WithdrawFromOpportunityByContactKey_volunteerOpportunityKey_contactKey_comments
DELETE-api-v2.0-Volunteer-WithdrawFromOpportunityByLegacyContactKey_volunteerOpportunityKey_legacyContactKey_comments	https://api.connectedcommunity.org/Help/Api/DELETE-api-v2.0-Volunteer-WithdrawFromOpportunityByLegacyContactKey_volunteerOpportunityKey_legacyContactKey_comments
GET-api-v2.0-Volunteer-GetVolunteerOpportunityList	https://api.connectedcommunity.org/Help/Api/GET-api-v2.0-Volunteer-GetVolunteerOpportunityList
GET-api-v2.0-Volunteer-GetVolunteerList_volunteerOpportunityKey	https://api.connectedcommunity.org/Help/Api/GET-api-v2.0-Volunteer-GetVolunteerList_volunteerOpportunityKey
GET-api-v2.0-Volunteer-GetUpcomingVolunteerOpportunities_opportunityTypeKey_communityKey_maxToRetrieve	https://api.connectedcommunity.org/Help/Api/GET-api-v2.0-Volunteer-GetUpcomingVolunteerOpportunities_opportunityTypeKey_communityKey_maxToRetrieve
GET-api-v2.0-Volunteer-GetVolunteerOpportunityTypeList	https://api.connectedcommunity.org/Help/Api/GET-api-v2.0-Volunteer-GetVolunteerOpportunityTypeList