date,commit,TypeScript,TypeScriptGen,JavaScript,JavaScriptGen,HTML,HTMLGen,CSS,CSSGen,Markdown,MarkdownGen,SQL,SQLGen,JSON,JSONGen,Other,OtherGen,SourceTotal,SourceGenTotal,GrandTotal,GrandGenTotal,Files
2023-11-10,ded939260cd68bf0774ed437676a85f2608d882d,0,0,0,0,1,0,0,0,27,0,0,0,0,0,0,0,28,0,28,0,2
2024-03-31,ddd43bf1908c3d8a27ebf717da8c0af01b0128d4,64038,36543,533,0,5753,2977,3156,0,334,0,16647,0,28835,25063,8425,0,73814,39520,127721,64583,928
2024-06-30,008aed025171af23f075afd8a6f053049bb0b5ad,167864,128366,658,0,10397,6760,4179,0,11593,0,190984,0,86111,27166,910,0,194691,135126,472696,162292,1475
2024-09-30,a5290aaeeb525787cf30c67de80215bee6247ddd,137332,91352,748,0,11472,7832,4185,0,22586,0,253193,0,144755,31180,913,0,176323,99184,575184,130364,1662
2024-12-31,681e361c18403725ff96423ba1c42f89239667db,142226,92348,1385,0,11738,7476,4438,0,30624,0,257685,0,183280,30924,1080,0,190411,99824,632456,130748,1772
2025-03-31,2bfb39a6b3e433e143068404b8eec67cc181f7f7,152757,97539,1386,0,12270,7854,4596,0,55668,0,282370,446,256894,34694,1153,0,226677,105393,767094,140533,1883
2025-06-30,adee85788a9d815ed1858dcda9f38aac8a899130,263127,113272,3537,0,26876,9147,28782,295,138488,0,404760,446,299354,38428,1216,0,460810,122714,1166140,161588,2826
2025-09-30,3f71ef40a95c845a74114b66d4a2ffb6e7d178a2,299077,90994,32899,0,46359,8217,39997,295,202466,0,649918,446,339735,54066,1418,0,620798,99506,1611869,154018,3541
2025-12-31,fc0d67833f851ada8486bacec50716e8af429602,432542,84289,40442,0,91124,41082,67869,0,367894,14248,1165550,256235,1572071,1215473,2134,0,999871,139619,3739626,1611327,5214
2026-03-31,ada6e1a5d151fe2c477d65a70cd2bd63a0404ce0,737301,99651,42256,0,327894,47970,132178,0,517314,14326,2399109,1175176,1630992,1245321,14887,0,1756943,161947,5801931,2582444,7772
2026-06-11,ade23a0282d20cdfda23cffe36962a93b8c538fc,1048378,122063,48944,0,384574,59007,161048,0,647634,15102,7351084,5866222,2273191,1765783,21072,0,2290578,196172,11935925,7828177,13760
2026-06-20,77f7a124563082d416272575c50bf55c060e4d3c,1145187,128324,50223,0,391642,61852,162430,0,673879,15102,7586164,6051051,3514176,2995910,22404,0,2423361,205278,13546105,9252239,14646
